Black girl free rent,https://london.craigslist.org/apa/d/london-black-girl-free-rent/7317122654.html
"pw - STUNNING LARGE DOUBLE STUDIO FLAT FOR RENT, Bloomsbury, WC1",https://london.craigslist.org/apa/d/london-pw-stunning-large-double-studio/7326919436.html
"BEAUTIFUL SAFE CHELSEA FLAT SHORT /LONG LET: AVAILABLE JUNE12, 2021",https://london.craigslist.org/apa/d/london-beautiful-safe-chelsea-flat/7326837501.html
"MODERN DOUBLE  FURNISHED ROOM, BILLS INCLUDED",https://london.craigslist.org/apa/d/london-modern-double-furnished-room/7325788930.html
Double Bedroom For Rent,https://london.craigslist.org/apa/d/london-double-bedroom-for-rent/7325783700.html
"Studio flat in Mornington Avenue, London",https://london.craigslist.org/apa/d/london-studio-flat-in-mornington-avenue/7325777763.html
"1 bedroom in Medway Street, London",https://london.craigslist.org/apa/d/london-bedroom-in-medway-street-london/7325784327.html
FREE large double room,https://london.craigslist.org/roo/d/slough-free-large-double-room/7326722647.html
Large double room available (FREE),https://london.craigslist.org/roo/d/slough-large-double-room-available-free/7316640117.html
PRIME LOCATION DOUBLE ROOM PROF FEMALE FLATSHARE 3BED 2 BATHS,https://london.craigslist.org/roo/d/london-prime-location-double-room-prof/7326721732.html
"Charming studio, central location",https://london.craigslist.org/apa/d/london-charming-studio-central-location/7325554309.html
Teen male looking to live with older woman,https://london.craigslist.org/sha/d/teen-male-looking-to-live-with-older/7326559292.html
British guy in Costa Blanca has a free home share to offer.,https://london.craigslist.org/roo/d/london-british-guy-in-costa-blanca-has/7326489111.html
"1 bedroom flat in 39 Hill Street, Mayfair , W1J",https://london.craigslist.org/apa/d/london-bedroom-flat-in-39-hill-street/7314878106.html
Cosy Double Bedroom West Hampstead,https://london.craigslist.org/apa/d/london-cosy-double-bedroom-west/7313698857.html
"All Bills Included Friendly, Clean, Great Location",https://london.craigslist.org/apa/d/london-all-bills-included-friendly/7313697484.html
"1 bedroom flat in Wellington Court, London",https://london.craigslist.org/apa/d/london-bedroom-flat-in-wellington-court/7318853398.html
STOCKWELL 1 Bed Flat,https://london.craigslist.org/apa/d/london-stockwell-bed-flat/7317708216.html
"Clapton, Hackney E5 1 Bedroom Flat with large living room",https://london.craigslist.org/apa/d/london-clapton-hackney-e5-bedroom-flat/7317710973.html
"1 bedroom flat in Amwell Street, London",https://london.craigslist.org/apa/d/london-bedroom-flat-in-amwell-street/7318858602.html
One bedroom flat offered furnished and Close to London Bridge,https://london.craigslist.org/apa/d/london-one-bedroom-flat-offered/7318836223.html
"Studio flat in Brewer Street, London",https://london.craigslist.org/apa/d/london-studio-flat-in-brewer-street/7320695183.html
"1 bedroom flat in Saffron Court, London",https://london.craigslist.org/apa/d/london-bedroom-flat-in-saffron-court/7320702767.html
1 Bedroom Flat located in Whitechapel,https://london.craigslist.org/apa/d/london-bedroom-flat-located-in/7318820900.html
A very big newly refurbished studio situated in the heart of Edgware,https://london.craigslist.org/apa/d/london-very-big-newly-refurbished/7314885773.html
"1 bedroom flat in Wayford Street, London SW11",https://london.craigslist.org/apa/d/london-bedroom-flat-in-wayford-street/7325370960.html
"1 bedroom in Coppice Way, London,",https://london.craigslist.org/apa/d/london-bedroom-in-coppice-way-london/7325372669.html
BERMONDSEY 1 Bed Flat,https://london.craigslist.org/apa/d/london-bermondsey-bed-flat/7317717357.html
1 bedroom flat,https://london.craigslist.org/apa/d/london-bedroom-flat/7318849435.html
Deptford SE8 Studio,https://london.craigslist.org/apa/d/london-deptford-se8-studio/7317713303.html
Spacious self contain studio all bills inc,https://london.craigslist.org/apa/d/london-spacious-self-contain-studio-all/7325383996.html
Large Studio Flat with Separate Kitchenette,https://london.craigslist.org/apa/d/london-large-studio-flat-with-separate/7320686361.html
"Large One Bedroom Flat for rent, all bills included",https://london.craigslist.org/apa/d/london-large-one-bedroom-flat-for-rent/7325389096.html
Islington Double self contain studio,https://london.craigslist.org/apa/d/london-islington-double-self-contain/7325380971.html
Move In Quick  Double Self-Contained Studio,https://london.craigslist.org/apa/d/london-move-in-quick-double-self/7325386439.html
"1 bedroom flat in St. Williams Court, London",https://london.craigslist.org/apa/d/london-bedroom-flat-in-st-williams/7325392846.html
"Newly refurb'd W3 flat. All inclusive bills, WIFI",https://london.craigslist.org/apa/d/london-newly-refurbd-w3-flat-all/7325548304.html
Self-contained studio flat to let in London,https://london.craigslist.org/apa/d/london-self-contained-studio-flat-to/7325550260.html
Brand new one bedroom flat close to Hendon Central,https://london.craigslist.org/apa/d/london-brand-new-one-bedroom-flat-close/7325551952.html
Spacious room in 3bed flat available until July 1st,https://london.craigslist.org/sub/d/london-spacious-room-in-3bed-flat/7326434297.html
US McLean Virginia Land 0.44 Acres With Optional 2021 New Building,https://london.craigslist.org/reo/d/london-us-mclean-virginia-land-044/7312609957.html
student (m) looking for somewhere to stay over the summer,https://london.craigslist.org/sbw/d/student-looking-for-somewhere-to-stay/7316646113.html
"Opposite Harrods, Tiny studio flat in Princes Court, 8.82579 sq metres",https://london.craigslist.org/reo/d/opposite-harrods-tiny-studio-flat-in/7313723465.html
"4-Apartment Villa for sale - Calabria, Italy",https://london.craigslist.org/reo/d/london-apartment-villa-for-sale/7314614662.html
"4-Apartment Villa for sale - Calabria, Italy",https://london.craigslist.org/reo/d/london-apartment-villa-for-sale/7314613979.html
Family mansion (to renovate) on sale in Italy (historical site),https://london.craigslist.org/reo/d/london-family-mansion-to-renovate-on/7325959859.html
do you have a house that needs looking after? we’ll do it for you,https://london.craigslist.org/hou/d/do-you-have-house-that-needs-looking/7325882644.html
Share my flat in exchange for cleaning,https://london.craigslist.org/sub/d/london-share-my-flat-in-exchange-for/7325873348.html
"Modern, Fully Fitted 2 Double Bedroom + 2 Bathroom Apartment Next to R",https://london.craigslist.org/apa/d/london-modern-fully-fitted-double/7325810729.html
LOOKING FOR A STUDIO FLAT,https://london.craigslist.org/hou/d/looking-for-studio-flat/7325793135.html
Short term room wanted,https://london.craigslist.org/sbw/d/short-term-room-wanted/7325762090.html
Room in exchange for decorating/diy,https://london.craigslist.org/sbw/d/room-in-exchange-for-decorating-diy/7325758004.html
Room available in gay friendly flatshare NW10,https://london.craigslist.org/roo/d/london-room-available-in-gay-friendly/7325632415.html
STUDENT ROOM TO RENT,https://london.craigslist.org/apa/d/london-student-room-to-rent/7311241012.html
ONE BEDROOM FLAT IN THE HEART OF BARKING,https://london.craigslist.org/apa/d/london-one-bedroom-flat-in-the-heart-of/7311237067.html
Teen male looking to live older woman,https://london.craigslist.org/sha/d/teen-male-looking-to-live-older-woman/7325307238.html
Young male here wanting to live with older woman,https://london.craigslist.org/sbw/d/young-male-here-wanting-to-live-with/7325307769.html
Gay twink looking for a room or A Flat to Share,https://london.craigslist.org/sha/d/gay-twink-looking-for-room-or-flat-to/7325297988.html
Short Term Holiday Let In June - Double Room Opposite Park,https://london.craigslist.org/vac/d/london-short-term-holiday-let-in-june/7325189035.html
Male 30s looking for a couple to dominate,https://london.craigslist.org/sha/d/male-30s-looking-for-couple-to-dominate/7325107429.html
Canadian Real Estate,https://london.craigslist.org/reo/d/london-canadian-real-estate/7324671925.html
Big Size Double Room Available In Bayswater/Paddington Area,https://london.craigslist.org/roo/d/london-big-size-double-room-available/7322581548.html
room share offered to young male 18-25,https://london.craigslist.org/roo/d/london-room-share-offered-to-young-male/7317746960.html
Mutually satisfying,https://london.craigslist.org/roo/d/london-mutually-satisfying/7323290380.html
Accommodating tongue for wet lady or two,https://london.craigslist.org/roo/d/london-accommodating-tongue-for-wet/7316138965.html
Curious,https://london.craigslist.org/sub/d/london-curious/7319957058.html
Double Studio + Private Balcony Access – Shepherds Bush,https://london.craigslist.org/roo/d/london-double-studio-private-balcony/7324086782.html
mutual care,https://london.craigslist.org/roo/d/london-mutual-care/7322037122.html
Canadian Real Estate,https://london.craigslist.org/reo/d/london-canadian-real-estate/7323689825.html
Large basic double room,https://london.craigslist.org/roo/d/london-large-basic-double-room/7323594877.html
Freshly Decorated Double Room with direct garden access,https://london.craigslist.org/off/d/london-freshly-decorated-double-room/7310225988.html
BEAUTIFUL STUDIO FLAT FOR RENT IN HOUNSLOW,https://london.craigslist.org/apa/d/london-beautiful-studio-flat-for-rent/7310223169.html
"Lovely, large room available for mature professional person",https://london.craigslist.org/apa/d/london-lovely-large-room-available-for/7310227669.html
Looking for self contained place. North London,https://london.craigslist.org/hou/d/looking-for-self-contained-place-north/7323232921.html
Luxury hillside villa in Costa Rica,https://london.craigslist.org/vac/d/london-luxury-hillside-villa-in-costa/7323123573.html
Room,https://london.craigslist.org/hou/d/room/7323068932.html
Large double room available (FREE),https://london.craigslist.org/roo/d/slough-large-double-room-available-free/7309689621.html
Male looking for room with male,https://london.craigslist.org/roo/d/london-male-looking-for-room-with-male/7322998365.html
FEMALE LOOKING FOR MODERN 1 BEDROOM FLAT,https://london.craigslist.org/hou/d/female-looking-for-modern-bedroom-flat/7322855712.html
Spacious one bedroom flat,https://london.craigslist.org/apa/d/london-spacious-one-bedroom-flat/7312269708.html
One single bedroom to rent in Barking,https://london.craigslist.org/apa/d/london-one-single-bedroom-to-rent-in/7312267815.html
Double room for rent,https://london.craigslist.org/apa/d/london-double-room-for-rent/7315234153.html
Clean and modern room in Battersea including all bills,https://london.craigslist.org/apa/d/london-clean-and-modern-room-in/7320104252.html
Double Room for Rent in Fulham,https://london.craigslist.org/roo/d/london-double-room-for-rent-in-fulham/7322702523.html
Nice size room,https://london.craigslist.org/roo/d/london-nice-size-room/7322664883.html
Shared house-2 double rooms-utility bills included,https://london.craigslist.org/roo/d/london-shared-house-double-rooms/7322654161.html
Will work for free accom,https://london.craigslist.org/sha/d/will-work-for-free-accom/7322495871.html
FLAT FOR MASSUESE,https://london.craigslist.org/apa/d/london-flat-for-massuese/7322450296.html
Male Room Share,https://london.craigslist.org/sha/d/male-room-share/7322374151.html
2 bedroom apartment - Royal Arsenal,https://london.craigslist.org/reo/d/london-bedroom-apartment-royal-arsenal/7322376250.html
RETIRED DUTCH/AMERICAN GENTLEMAN WILL HOUSESIT FOR YOU,https://london.craigslist.org/hou/d/retired-dutch-american-gentleman-will/7322046247.html
Need a Cheap,https://london.craigslist.org/sha/d/need-cheap/7310218826.html
Feeling the pinch? Perhaps you need a domestic and financial slave,https://london.craigslist.org/roo/d/london-feeling-the-pinch-perhaps-you/7321950548.html
Room to rent in Muswell Hill- safe and quiet location,https://london.craigslist.org/roo/d/london-room-to-rent-in-muswell-hill/7321932924.html
SINGLE ROOM (NON-SMOKER) - Zone 1 (Earl's Court),https://london.craigslist.org/roo/d/london-single-room-non-smoker-zone/7309123798.html
RETIRED DUTCH/AMERICAN GENTLEMAN WILL HOUSE SIT FOR YOU.,https://london.craigslist.org/sbw/d/retired-dutch-american-gentleman-will/7321221092.html
STUDIO APPARTMENT,https://london.craigslist.org/apa/d/windsor-studio-appartment/7320966926.html
T-girl looking to rent,https://london.craigslist.org/sha/d/girl-looking-to-rent/7320869981.html
lambs  passage,https://london.craigslist.org/apa/d/london-lambs-passage/7320699885.html
"Lovely Zone 1 Double Room AVAILABLE NOW in Queensway, HYDE PARK",https://london.craigslist.org/reb/d/london-lovely-zone-double-room/7320610476.html
Large Double Studio for Rent,https://london.craigslist.org/reo/d/london-large-double-studio-for-rent/7320459544.html
Desperately seeking shelter,https://london.craigslist.org/roo/d/london-desperately-seeking-shelter/7320405130.html
somewhere to practice,https://london.craigslist.org/sha/d/somewhere-to-practice/7320360924.html
Looking For Natural Households,https://london.craigslist.org/sha/d/looking-for-natural-households/7320245725.html
Man seeks lodging with mature landlady,https://london.craigslist.org/sha/d/man-seeks-lodging-with-mature-landlady/7319976187.html
Double room offered in return of housekeeping,https://london.craigslist.org/roo/d/waltham-abbey-south-west-ward-double/7319573272.html
Clean & Modern Single Studio,https://london.craigslist.org/reo/d/london-clean-modern-single-studio/7319619980.html
2-bed Croydon Maisonette to Rent,https://london.craigslist.org/apa/d/london-bed-croydon-maisonette-to-rent/7319489805.html
Accomodation available (free).,https://london.craigslist.org/sub/d/london-accomodation-available-free/7319223135.html
NEW 2 BED GROUND FLOOR APARTMENT,https://london.craigslist.org/apa/d/london-new-bed-ground-floor-apartment/7318944609.html
Looking short term accommodation,https://london.craigslist.org/sbw/d/looking-short-term-accommodation/7318805332.html
Fabulous One bedroom self contained flat,https://london.craigslist.org/apa/d/london-fabulous-one-bedroom-self/7313749651.html
One bedroom flat near Cambridge Heath,https://london.craigslist.org/apa/d/london-one-bedroom-flat-near-cambridge/7313738559.html
Immaculate studio flat available,https://london.craigslist.org/apa/d/london-immaculate-studio-flat-available/7307592695.html
Double Room Tottenham,https://london.craigslist.org/sub/d/london-double-room-tottenham/7313225105.html
Studio for single person on dss,https://london.craigslist.org/roo/d/london-studio-for-single-person-on-dss/7318236533.html
"TS escort, seeking flat to rent or share",https://london.craigslist.org/hou/d/ts-escort-seeking-flat-to-rent-or-share/7317962922.html
"Double room in well-equipped, friendly flat (all inc.)",https://london.craigslist.org/roo/d/london-double-room-in-well-equipped/7317543617.html
Looking for a room in SW or West London,https://london.craigslist.org/sha/d/looking-for-room-in-sw-or-west-london/7314492086.html
Bring home contemporary furniture in London to create a stylish and fu,https://london.craigslist.org/off/d/london-bring-home-contemporary/7317124684.html
Black girl free rent,https://london.craigslist.org/apa/d/london-black-girl-free-rent/7317122654.html
"pw - STUNNING LARGE DOUBLE STUDIO FLAT FOR RENT, Bloomsbury, WC1",https://london.craigslist.org/apa/d/london-pw-stunning-large-double-studio/7326919436.html
"BEAUTIFUL SAFE CHELSEA FLAT SHORT /LONG LET: AVAILABLE JUNE12, 2021",https://london.craigslist.org/apa/d/london-beautiful-safe-chelsea-flat/7326837501.html
"MODERN DOUBLE  FURNISHED ROOM, BILLS INCLUDED",https://london.craigslist.org/apa/d/london-modern-double-furnished-room/7325788930.html
Double Bedroom For Rent,https://london.craigslist.org/apa/d/london-double-bedroom-for-rent/7325783700.html
"Studio flat in Mornington Avenue, London",https://london.craigslist.org/apa/d/london-studio-flat-in-mornington-avenue/7325777763.html
"1 bedroom in Medway Street, London",https://london.craigslist.org/apa/d/london-bedroom-in-medway-street-london/7325784327.html
FREE large double room,https://london.craigslist.org/roo/d/slough-free-large-double-room/7326722647.html
Large double room available (FREE),https://london.craigslist.org/roo/d/slough-large-double-room-available-free/7316640117.html
PRIME LOCATION DOUBLE ROOM PROF FEMALE FLATSHARE 3BED 2 BATHS,https://london.craigslist.org/roo/d/london-prime-location-double-room-prof/7326721732.html
"Charming studio, central location",https://london.craigslist.org/apa/d/london-charming-studio-central-location/7325554309.html
Teen male looking to live with older woman,https://london.craigslist.org/sha/d/teen-male-looking-to-live-with-older/7326559292.html
British guy in Costa Blanca has a free home share to offer.,https://london.craigslist.org/roo/d/london-british-guy-in-costa-blanca-has/7326489111.html
"1 bedroom flat in 39 Hill Street, Mayfair , W1J",https://london.craigslist.org/apa/d/london-bedroom-flat-in-39-hill-street/7314878106.html
Cosy Double Bedroom West Hampstead,https://london.craigslist.org/apa/d/london-cosy-double-bedroom-west/7313698857.html
"All Bills Included Friendly, Clean, Great Location",https://london.craigslist.org/apa/d/london-all-bills-included-friendly/7313697484.html
"1 bedroom flat in Wellington Court, London",https://london.craigslist.org/apa/d/london-bedroom-flat-in-wellington-court/7318853398.html
STOCKWELL 1 Bed Flat,https://london.craigslist.org/apa/d/london-stockwell-bed-flat/7317708216.html
"Clapton, Hackney E5 1 Bedroom Flat with large living room",https://london.craigslist.org/apa/d/london-clapton-hackney-e5-bedroom-flat/7317710973.html
"1 bedroom flat in Amwell Street, London",https://london.craigslist.org/apa/d/london-bedroom-flat-in-amwell-street/7318858602.html
One bedroom flat offered furnished and Close to London Bridge,https://london.craigslist.org/apa/d/london-one-bedroom-flat-offered/7318836223.html
"Studio flat in Brewer Street, London",https://london.craigslist.org/apa/d/london-studio-flat-in-brewer-street/7320695183.html
"1 bedroom flat in Saffron Court, London",https://london.craigslist.org/apa/d/london-bedroom-flat-in-saffron-court/7320702767.html
1 Bedroom Flat located in Whitechapel,https://london.craigslist.org/apa/d/london-bedroom-flat-located-in/7318820900.html
A very big newly refurbished studio situated in the heart of Edgware,https://london.craigslist.org/apa/d/london-very-big-newly-refurbished/7314885773.html
"1 bedroom flat in Wayford Street, London SW11",https://london.craigslist.org/apa/d/london-bedroom-flat-in-wayford-street/7325370960.html
"1 bedroom in Coppice Way, London,",https://london.craigslist.org/apa/d/london-bedroom-in-coppice-way-london/7325372669.html
BERMONDSEY 1 Bed Flat,https://london.craigslist.org/apa/d/london-bermondsey-bed-flat/7317717357.html
1 bedroom flat,https://london.craigslist.org/apa/d/london-bedroom-flat/7318849435.html
Deptford SE8 Studio,https://london.craigslist.org/apa/d/london-deptford-se8-studio/7317713303.html
Spacious self contain studio all bills inc,https://london.craigslist.org/apa/d/london-spacious-self-contain-studio-all/7325383996.html
Large Studio Flat with Separate Kitchenette,https://london.craigslist.org/apa/d/london-large-studio-flat-with-separate/7320686361.html
"Large One Bedroom Flat for rent, all bills included",https://london.craigslist.org/apa/d/london-large-one-bedroom-flat-for-rent/7325389096.html
Islington Double self contain studio,https://london.craigslist.org/apa/d/london-islington-double-self-contain/7325380971.html
Move In Quick  Double Self-Contained Studio,https://london.craigslist.org/apa/d/london-move-in-quick-double-self/7325386439.html
"1 bedroom flat in St. Williams Court, London",https://london.craigslist.org/apa/d/london-bedroom-flat-in-st-williams/7325392846.html
"Newly refurb'd W3 flat. All inclusive bills, WIFI",https://london.craigslist.org/apa/d/london-newly-refurbd-w3-flat-all/7325548304.html
Self-contained studio flat to let in London,https://london.craigslist.org/apa/d/london-self-contained-studio-flat-to/7325550260.html
Brand new one bedroom flat close to Hendon Central,https://london.craigslist.org/apa/d/london-brand-new-one-bedroom-flat-close/7325551952.html
Spacious room in 3bed flat available until July 1st,https://london.craigslist.org/sub/d/london-spacious-room-in-3bed-flat/7326434297.html
US McLean Virginia Land 0.44 Acres With Optional 2021 New Building,https://london.craigslist.org/reo/d/london-us-mclean-virginia-land-044/7312609957.html
student (m) looking for somewhere to stay over the summer,https://london.craigslist.org/sbw/d/student-looking-for-somewhere-to-stay/7316646113.html
"Opposite Harrods, Tiny studio flat in Princes Court, 8.82579 sq metres",https://london.craigslist.org/reo/d/opposite-harrods-tiny-studio-flat-in/7313723465.html
"4-Apartment Villa for sale - Calabria, Italy",https://london.craigslist.org/reo/d/london-apartment-villa-for-sale/7314614662.html
"4-Apartment Villa for sale - Calabria, Italy",https://london.craigslist.org/reo/d/london-apartment-villa-for-sale/7314613979.html
Family mansion (to renovate) on sale in Italy (historical site),https://london.craigslist.org/reo/d/london-family-mansion-to-renovate-on/7325959859.html
do you have a house that needs looking after? we’ll do it for you,https://london.craigslist.org/hou/d/do-you-have-house-that-needs-looking/7325882644.html
Share my flat in exchange for cleaning,https://london.craigslist.org/sub/d/london-share-my-flat-in-exchange-for/7325873348.html
"Modern, Fully Fitted 2 Double Bedroom + 2 Bathroom Apartment Next to R",https://london.craigslist.org/apa/d/london-modern-fully-fitted-double/7325810729.html
LOOKING FOR A STUDIO FLAT,https://london.craigslist.org/hou/d/looking-for-studio-flat/7325793135.html
Short term room wanted,https://london.craigslist.org/sbw/d/short-term-room-wanted/7325762090.html
Room in exchange for decorating/diy,https://london.craigslist.org/sbw/d/room-in-exchange-for-decorating-diy/7325758004.html
Room available in gay friendly flatshare NW10,https://london.craigslist.org/roo/d/london-room-available-in-gay-friendly/7325632415.html
STUDENT ROOM TO RENT,https://london.craigslist.org/apa/d/london-student-room-to-rent/7311241012.html
ONE BEDROOM FLAT IN THE HEART OF BARKING,https://london.craigslist.org/apa/d/london-one-bedroom-flat-in-the-heart-of/7311237067.html
Teen male looking to live older woman,https://london.craigslist.org/sha/d/teen-male-looking-to-live-older-woman/7325307238.html
Young male here wanting to live with older woman,https://london.craigslist.org/sbw/d/young-male-here-wanting-to-live-with/7325307769.html
Gay twink looking for a room or A Flat to Share,https://london.craigslist.org/sha/d/gay-twink-looking-for-room-or-flat-to/7325297988.html
Short Term Holiday Let In June - Double Room Opposite Park,https://london.craigslist.org/vac/d/london-short-term-holiday-let-in-june/7325189035.html
Male 30s looking for a couple to dominate,https://london.craigslist.org/sha/d/male-30s-looking-for-couple-to-dominate/7325107429.html
Canadian Real Estate,https://london.craigslist.org/reo/d/london-canadian-real-estate/7324671925.html
Big Size Double Room Available In Bayswater/Paddington Area,https://london.craigslist.org/roo/d/london-big-size-double-room-available/7322581548.html
room share offered to young male 18-25,https://london.craigslist.org/roo/d/london-room-share-offered-to-young-male/7317746960.html
Mutually satisfying,https://london.craigslist.org/roo/d/london-mutually-satisfying/7323290380.html
Accommodating tongue for wet lady or two,https://london.craigslist.org/roo/d/london-accommodating-tongue-for-wet/7316138965.html
Curious,https://london.craigslist.org/sub/d/london-curious/7319957058.html
Double Studio + Private Balcony Access – Shepherds Bush,https://london.craigslist.org/roo/d/london-double-studio-private-balcony/7324086782.html
mutual care,https://london.craigslist.org/roo/d/london-mutual-care/7322037122.html
Canadian Real Estate,https://london.craigslist.org/reo/d/london-canadian-real-estate/7323689825.html
Large basic double room,https://london.craigslist.org/roo/d/london-large-basic-double-room/7323594877.html
Freshly Decorated Double Room with direct garden access,https://london.craigslist.org/off/d/london-freshly-decorated-double-room/7310225988.html
BEAUTIFUL STUDIO FLAT FOR RENT IN HOUNSLOW,https://london.craigslist.org/apa/d/london-beautiful-studio-flat-for-rent/7310223169.html
"Lovely, large room available for mature professional person",https://london.craigslist.org/apa/d/london-lovely-large-room-available-for/7310227669.html
Looking for self contained place. North London,https://london.craigslist.org/hou/d/looking-for-self-contained-place-north/7323232921.html
Luxury hillside villa in Costa Rica,https://london.craigslist.org/vac/d/london-luxury-hillside-villa-in-costa/7323123573.html
Room,https://london.craigslist.org/hou/d/room/7323068932.html
Large double room available (FREE),https://london.craigslist.org/roo/d/slough-large-double-room-available-free/7309689621.html
Male looking for room with male,https://london.craigslist.org/roo/d/london-male-looking-for-room-with-male/7322998365.html
FEMALE LOOKING FOR MODERN 1 BEDROOM FLAT,https://london.craigslist.org/hou/d/female-looking-for-modern-bedroom-flat/7322855712.html
Spacious one bedroom flat,https://london.craigslist.org/apa/d/london-spacious-one-bedroom-flat/7312269708.html
One single bedroom to rent in Barking,https://london.craigslist.org/apa/d/london-one-single-bedroom-to-rent-in/7312267815.html
Double room for rent,https://london.craigslist.org/apa/d/london-double-room-for-rent/7315234153.html
Clean and modern room in Battersea including all bills,https://london.craigslist.org/apa/d/london-clean-and-modern-room-in/7320104252.html
Double Room for Rent in Fulham,https://london.craigslist.org/roo/d/london-double-room-for-rent-in-fulham/7322702523.html
Nice size room,https://london.craigslist.org/roo/d/london-nice-size-room/7322664883.html
Shared house-2 double rooms-utility bills included,https://london.craigslist.org/roo/d/london-shared-house-double-rooms/7322654161.html
Will work for free accom,https://london.craigslist.org/sha/d/will-work-for-free-accom/7322495871.html
FLAT FOR MASSUESE,https://london.craigslist.org/apa/d/london-flat-for-massuese/7322450296.html
Male Room Share,https://london.craigslist.org/sha/d/male-room-share/7322374151.html
2 bedroom apartment - Royal Arsenal,https://london.craigslist.org/reo/d/london-bedroom-apartment-royal-arsenal/7322376250.html
RETIRED DUTCH/AMERICAN GENTLEMAN WILL HOUSESIT FOR YOU,https://london.craigslist.org/hou/d/retired-dutch-american-gentleman-will/7322046247.html
Need a Cheap,https://london.craigslist.org/sha/d/need-cheap/7310218826.html
Feeling the pinch? Perhaps you need a domestic and financial slave,https://london.craigslist.org/roo/d/london-feeling-the-pinch-perhaps-you/7321950548.html
Room to rent in Muswell Hill- safe and quiet location,https://london.craigslist.org/roo/d/london-room-to-rent-in-muswell-hill/7321932924.html
SINGLE ROOM (NON-SMOKER) - Zone 1 (Earl's Court),https://london.craigslist.org/roo/d/london-single-room-non-smoker-zone/7309123798.html
RETIRED DUTCH/AMERICAN GENTLEMAN WILL HOUSE SIT FOR YOU.,https://london.craigslist.org/sbw/d/retired-dutch-american-gentleman-will/7321221092.html
STUDIO APPARTMENT,https://london.craigslist.org/apa/d/windsor-studio-appartment/7320966926.html
T-girl looking to rent,https://london.craigslist.org/sha/d/girl-looking-to-rent/7320869981.html
lambs  passage,https://london.craigslist.org/apa/d/london-lambs-passage/7320699885.html
"Lovely Zone 1 Double Room AVAILABLE NOW in Queensway, HYDE PARK",https://london.craigslist.org/reb/d/london-lovely-zone-double-room/7320610476.html
Large Double Studio for Rent,https://london.craigslist.org/reo/d/london-large-double-studio-for-rent/7320459544.html
Desperately seeking shelter,https://london.craigslist.org/roo/d/london-desperately-seeking-shelter/7320405130.html
somewhere to practice,https://london.craigslist.org/sha/d/somewhere-to-practice/7320360924.html
Looking For Natural Households,https://london.craigslist.org/sha/d/looking-for-natural-households/7320245725.html
Man seeks lodging with mature landlady,https://london.craigslist.org/sha/d/man-seeks-lodging-with-mature-landlady/7319976187.html
Double room offered in return of housekeeping,https://london.craigslist.org/roo/d/waltham-abbey-south-west-ward-double/7319573272.html
Clean & Modern Single Studio,https://london.craigslist.org/reo/d/london-clean-modern-single-studio/7319619980.html
2-bed Croydon Maisonette to Rent,https://london.craigslist.org/apa/d/london-bed-croydon-maisonette-to-rent/7319489805.html
Accomodation available (free).,https://london.craigslist.org/sub/d/london-accomodation-available-free/7319223135.html
NEW 2 BED GROUND FLOOR APARTMENT,https://london.craigslist.org/apa/d/london-new-bed-ground-floor-apartment/7318944609.html
Looking short term accommodation,https://london.craigslist.org/sbw/d/looking-short-term-accommodation/7318805332.html
Fabulous One bedroom self contained flat,https://london.craigslist.org/apa/d/london-fabulous-one-bedroom-self/7313749651.html
One bedroom flat near Cambridge Heath,https://london.craigslist.org/apa/d/london-one-bedroom-flat-near-cambridge/7313738559.html
Immaculate studio flat available,https://london.craigslist.org/apa/d/london-immaculate-studio-flat-available/7307592695.html
Double Room Tottenham,https://london.craigslist.org/sub/d/london-double-room-tottenham/7313225105.html
Studio for single person on dss,https://london.craigslist.org/roo/d/london-studio-for-single-person-on-dss/7318236533.html
"TS escort, seeking flat to rent or share",https://london.craigslist.org/hou/d/ts-escort-seeking-flat-to-rent-or-share/7317962922.html
"Double room in well-equipped, friendly flat (all inc.)",https://london.craigslist.org/roo/d/london-double-room-in-well-equipped/7317543617.html
Looking for a room in SW or West London,https://london.craigslist.org/sha/d/looking-for-room-in-sw-or-west-london/7314492086.html
Bring home contemporary furniture in London to create a stylish and fu,https://london.craigslist.org/off/d/london-bring-home-contemporary/7317124684.html
Black girl free rent,https://london.craigslist.org/apa/d/london-black-girl-free-rent/7317122654.html
